AptamerID,Sequence,TwoDStructure,Target,Affinity,Enthalpy,Entropy,Temp-Entropy,Specificity
NC1,CTTACGACCTGTTCTGAGGGTCAACCTTTGGTGTAGTGGTCGTAAG,(((((((((....(((((((....)))))))......))))))))),Cocaine,216,-28,-63.7,-18.9,2.2
NC2,CTTACGACATGGGATGTGTAGTTAGTGGTCGGATCCGAGTCGTAAG,((((((((...((((.((...........)).))))..)))))))),Cocaine,151,-14.5,-17.8,-5.3,3.2
NC3,CTTACGACGACCTATTGGGGGTAGTTATAGTTGGGTGAGTCGTAAG,((((((((.(((((....(........)...)))))..)))))))),Cocaine,353,-34.4,-86.6,-25.6,0.6
NC4,CTTACGACAAGGGATGTTTGTTAGTGTGTCGGTGCATTGTCGTAAG,(((((((((...(((....))).((((......))))))))))))),Cocaine,357,-14.8,-20.5,-6.1,1.8
NC5,CTTACGACTTTTGGGTGTCTGGGTGGGAGGTCGTAAG,((((((((((((.(.(.....).).)))))))))))),Cocaine,67,-17.3,-25.5,-7.5,9.3
NC6,CTTACGACAAAGGCTCGGGCTCCCATGATGGATTCGTTGTCGTAAG,(((((((((.......((....))((((.....))))))))))))),Cocaine,285,-13.6,-16,-4.7,1.6
NC7,CTTACGACACAGGGGGGGGCTAGGGTGCGCGGGAGCTGGTCGTAAG,((((((((..........((......))((....))..)))))))),Cocaine,282,-21.1,-41,-12.1,5.4
NC8,CTTACGACGCGGACGTTGTGGGGCGTGGCAGTCGGTGGGTCGTAAG,((((((((.(..(((((....))))).((.....))).)))))))),Cocaine,372,-21,-41.6,-12.3,1.9
NC9,CTTACGACAAACTTTTGGGTATCTGGTTGGGAGGTTCTGTCGTAAG,((((((((..((((((.((.......)).))))))...)))))))),Cocaine,115,-27.1,-59.8,-17.7,6.1
NC11,CTTACGACCTGCTCTGAGGGTCAACGGTGGTGTAGTCGGTCGTAAG,(((((((((.(((..(..(.(....).)..)..))).))))))))),Cocaine,190,-20,-37,-11,1.1
NC12,CTTACGACAAGGGATGTGAGTTAGTGTGTCGGATCTATGTCGTAAG,(((((((((..((((.(((.........))).)))).))))))))),Cocaine,152,-18.5,-31.1,-9.2,4.3
NC13,CTTACGACGTGTGCTGTTGGTTCTAGGGGTAGGATGGCGTCGTAAG,((((((((((.((((.(((....))).)))).....)))))))))),Cocaine,235,-13.3,-14.7,-4.4,4.6
NC14,CTTACGACGTAGCTTCGGGTGTTCTGGGTGAGCTCTGCGTCGTAAG,((((((((((((...((((...))))((....)))))))))))))),Cocaine,833,-29.6,-72,-21.3,3.6
NC15,CTTACGACGGGGTTCAGAGGGTCAACGGTGGTGTTGTCGTCGTAAG,((((((((((.(.(((..(......)..)))...).)))))))))),Cocaine,245,-19.3,-34.8,-10.3,4.2
NC16,CTTACGACTAGGTGTGGGTCGGCTGCTTTCGCAGGGTAGTCGTAAG,((((((((((..((((((.........))))))...)))))))))),Cocaine,350,-14,-17.7,-5.2,1.7
NC17,CTTACGACTTTGGTTTCCTCGATTCGCATGGGTGGTAAGTCGTAAG,((((((((((.....(((...........)))....)))))))))),Cocaine,240,-27.4,-62,-18.4,1
NC18,CTTACGACTCAGGGGGAGGCTAGGGTGCGCGGAAGCTGGTCGTAAG,(((((((((.........((......))((....)).))))))))),Cocaine,245,-21,-40,-11.8,5.2
NC21,CTTACGACTAGTTCGGATAAGGGGTAGGTGTGGTTGTGGTCGTAAG,((((((((((..(((.((..(...)..)).)))...)))))))))),Cocaine,192,-12.7,-12,-3.6,6.2
NC23,CTTACGACGGTCTTTTGGGTGTTCTGGGTGGGAGGAGCGTCGTAAG,(((((((((.((((((.(.(......).).)))))).))))))))),Cocaine,194,-18.6,-32.2,-9.5,9
NC26,CTTACGACCTAAGGGTCTGGAGTGGTTGTTATACGCTGGTCGTAAG,(((((((((...(.((..(..(....)..)..)).).))))))))),Cocaine,218,-23.2,-47.7,-14.1,2.3
NC31,CTTACGACAATGGGGCAGTTCTAGTTGGGGTTTATATTGTCGTAAG,((((((((((((....(.(((.....))).)...)))))))))))),Cocaine,345,-24.3,-52.5,-15.5,7.3
NC32,CTTACGACTAGGTGGGGGTCGGCCATGGGAGTGGGGTAGTCGTAAG,((((((((((((......))..((((....))))..)))))))))),Cocaine,270,-14.5,-18.8,-5.6,1.7
NC33,CTTACGACATGGGATGTAAGTTAGTGGGTCGGATCCGGGTCGTAAG,((((((((.((((....................)))).)))))))),Cocaine,329,-11.9,-10.4,-3.1,3.1
NC35,CTTACGACTAGGTGTGGGTCGGCTCCGGATGGAGGGTAGTCGTAAG,((((((((((((......))..((((....))))..)))))))))),Cocaine,510,-12.1,-12,-3.6,1.4
NC37,CTTACGACGGGTAGGCTGAGGGTCTGGAGTGGTTGGAAGTCGTAAG,((((((((...((((((...))))))............)))))))),Cocaine,450,-16.4,-26.4,-7.8,6.8
NC38,CTTACGACACATTTGGGTATTCTGGGTGAGCTGTGTCGTAAG,(((((((((((.(((((...)))))(....)))))))))))),Cocaine,602,-21.7,-44.8,-13.3,1.8
NC42,CTTACGACAGTAACGGTGGGTATATGGGATTTATGTTCGTCGTAAG,((((((((....((.....)).....((((....)))))))))))),Cocaine,282,-29,-67.9,-20.1,3.3
NC43,CTTACGACTAGGTGTGGGTCGGCTCAATTCGGAGGGTAGTCGTAAG,(((((((((.((..((((....))))..)).......))))))))),Cocaine,461,-14.4,-19.7,-5.8,1.3
NC44,CTTACGACTAGTTCCGGGTAGGGGTAGGCGTGGTTGTGGTCGTAAG,((((((((((...(((.((........)).)))...)))))))))),Cocaine,70,-10.6,-3.2,-0.9,9.5
NC46,CTTACGACTTACTTTTGGGTTGTCTGGGTGGGAGGTATGTCGTAAG,((((((((.(((((((.(.((....)).).))))))).)))))))),Cocaine,250,-28.3,-65.2,-19.3,1.6
NC48,CTTACGACCTGTTCTGAGGGTCAACGGTGGTGTAGTCGGTCGTAAG,(((((((((....(((....(((....)))..)))..))))))))),Cocaine,53,-16.6,-22.8,-6.7,3
NC49,CTTACGACCGACTTTTGGGTGTTCTGGGTGGGATGTGGGTCGTAAG,(((((((((.((.((((((...))))))......)).))))))))),Cocaine,341,-20.5,-39.5,-11.7,2.2
NC52,CTTACGACTAGTCGGTGGGGGGTAGGCGGAGGGTTGTTGTCGTAAG,((((((((...((.((..(...)..)).))..(....))))))))),Cocaine,122,-25.4,-54,-16,6.5
NC53,CTTACGACTAGGCGGGGGTCGGCCACCGAGGTGGGGTAGTCGTAAG,(((((((((((((....)))..((((....))))..)))))))))),Cocaine,315,-11.9,-10.3,-3,2.5
NC58,CTTACGACTAGGTGTGGGTCGGCTTTTTTTTAAGGGTAGTCGTAAG,(((((((((.((......)).((((((....))))))))))))))),Cocaine,352,-15.1,-21.5,-6.4,2
NC59,CTTACGACTAGGTGTGGGTCGGCGCTAGGGGCAGGGTAGTCGTAAG,(((((((((((.((.....)).)(((...)))....)))))))))),Cocaine,315,-14.4,-18.9,-5.6,1.5
NC62,CTTACGACTAGGTGTGGGTCGGCCATTAGTGGAGGGTAGTCGTAAG,((((((((((((......))..(((....)))....)))))))))),Cocaine,735,-13.7,-18.3,-5.4,2.4
NC66,CTTACGACGTGGGAAGTGTGGTTTGTGATCGGATCCGTGTCGTAAG,(((((((((((((....................))))))))))))),Cocaine,168,-9.4,-0.7,-0.2,17.3
NC69,CTTACGACATGGGATGTGTAGTTAGTGGTCGGATCCGGGTCGTAAG,((((((((...((((.((...........)).))))..)))))))),Cocaine,127,-14.4,-17.1,-5.1,2.9
NC73,CTTACGACGACCTATTGGGGGGTAGTTATAGTTGGGTGAGTCGTAAG,((((((((.(((((.....((....)).....)))))..)))))))),Cocaine,102,-39.1,-100,-29.6,0.9
NC74,CTTACGACTAGGTGGGGGTCGGCGCCGTAGGTGGGGTAGTCGTAAG,((((((((((.((.(....).)).(((....)))..)))))))))),Cocaine,467,-16.2,-25.6,-7.6,1.2
NC76,CTTACGACGGGTGCCGTTGGTTCTAGGGTTAGGATGGCGTCGTAAG,((((((((((....)..(.((((((....)))))).)))))))))),Cocaine,313,-13.6,-16.1,-4.8,7
NC82,CTTACGACGACCTAGTGGGGGTAGTTATAGTTGGGTGAGTCGTAAG,((((((((.((((((..(..(...)..)..))))))..)))))))),Cocaine,1016,-32.4,-82.1,-24.3,2.7
NC85,CTTACGACTAGGTGTGGGTCGGCTCCGAATGGAGGGTAGTCGTAAG,((((((((((((......))..((((....))))..)))))))))),Cocaine,621,-11.5,-10.5,-3.1,1.5
NC101,CTTACGACAAGGGATGTTTGTTAGTGTGTCGGATCTATGTCGTAAG,(((((((((.(((....................))).))))))))),Cocaine,115,-16.7,-24.5,-7.3,10.1
NC106,CTTACGACACAGGGGGGGGCTAGGGTGCGCGGAAGCTGGTCGTAAG,((((((((..........((......))((....))..)))))))),Cocaine,155,-20.9,-39.3,-11.6,9.1
NC128,CTTACGACAGGCGGTGTGGTGCTGGGAATAGGGATGGTGTCGTAAG,(((((((((..((((.....))))....((....)).))))))))),Cocaine,266,-13.5,-15.6,-4.6,14.3
NC130,CTTACGACTACGGTTGGTTCAGGGGGTAGGTGCTTTGGGTCGTAAG,(((((((((((.....)).(((((.(....).)))))))))))))),Cocaine,198,-12.2,-10.4,-3.1,8.5
NC179,CTTACGACTAGTTCTGAGGAATCAACGTCGGTGTAGTTGTCGTAAG,((((((((.....((((.(......).)))).......)))))))),Cocaine,33,-26.4,-54.8,-16.2,1.7
NC182,CTTACGACGTTGGGCTTATTAGGGGCTGGAGTGGGTGAGTCGTAAG,((((((((.((.(((((.....))))).))........)))))))),Cocaine,617,-17.9,-32,-9.5,5
NC195,CTTACGACAGGTTCTGAGGAATCAACGTCGGTGTAGTTGTCGTAAG,((((((((((.(.((((.(......).))))...).)))))))))),Cocaine,22,-22.4,-40.5,-12,2.4
NC235,CTTACGACGGTGGGGGGTTGGTAGGGGAGGAGCGCATCGTCGTAAG,((((((((((((.(..................).)))))))))))),Cocaine,1100,-10.5,-8.4,-2.5,0.3
NC590,CTTACGACGTGTGCTGTTGGTTCTAGGGTTAGGATGGCGTCGTAAG,((((((((((...(....)((((((....)))))).)))))))))),Cocaine,98,-13.4,-13.1,-3.9,9.4
NC1947,CTTACGACACAGGGCGTGGAGTGGCTGGGCTTCAAGGGGTCGTAAG,((((((((.(.((((.(((.....))).))))....).)))))))),Cocaine,123,-10.5,-3.7,-1.1,6.9
NC950,CTTACGACTAGTTCCGGGTAGGGGTAGGTGTGGTTGTGGTCGTAAG,((((((((((...(((.(..........).)))...)))))))))),Cocaine,61,-12.5,-9.2,-2.7,21.5
NC1174,CTTACGACGGGTGCTGTTGGTTCTAGGGTTAGGATGGCGTCGTAAG,(((((((((.(......).((((((....))))))..))))))))),Cocaine,57,-12.8,-10,-3,11.9
NC1057,CTTACGACGGGTGCTGTTGGTTCTAGGGGTAGGATGGCGTCGTAAG,(((((((((.(......).((((((....))))))..))))))))),Cocaine,107,-13.2,-12.8,-3.8,7.9
NCA,CTTACGACACACGGTGTGGATGAGGTGGGCTAATAGGGGTCGTAAG,((((((((...(....(((..........)))...)..)))))))),Cocaine,69,-13.7,-13.4,-4,5.3
NCB,CTTACGACACAGGGCGTGGAGGAGCTGGGCTATTAGGGGTCGTAAG,((((((((....(((.(((.....))).))).......)))))))),Cocaine,1190,-5.4,9,2.7,2.9
NC358,CTTACGACGGGGGTGTGGCTAGGGGTGGCGCGGGATCCGTCGTAAG,(((((((((((.((((.(((...))).))))....))))))))))),Cocaine,185,-9.1,0.2,0.1,26.6
NC21357,CTTACGACGGGTGCCGTTGGTTCTAGGGGTAGGATGGCGTCGTAAG,(((((((((..((((.(((....))).))))......))))))))),Cocaine,1350,-14.1,-20.7,-6.1,3.9
NC314,CTTACGACTGGGATGTGTTGTTAGTGCTGTCGGATCCGGTCGTAAG,(((((((((((..(..(..((....))..)..)..))))))))))),Cocaine,204,-9.3,-0.7,-0.2,21.8
NC27,CTTACGACGGTGGTGTGGTACTGGGCTTGGGGGGTGTTGTCGTAAG,((((((((((.((((...))))..(((.....))).)))))))))),Cocaine,335,-24.1,-51.7,-15.3,6.2
NC29,CTTACGACAAGGGATGTGTAGTTAGTGGTCGGATCCGAGTCGTAAG,((((((((...((((.((...........)).))))..)))))))),Cocaine,2650,-12,-15.1,-4.5,4.6
NC70,CTTACGACAATCTTTTGGGTGTTCTGGGTGAGGTGTTTGTCGTAAG,((((((((((.((((.(((...)))....))))...)))))))))),Cocaine,378,-24.4,-53,-15.7,3
NC75,CTTACGACGCGGACGTTGTGGGGCGTGGCAGTCGGTGAGTCGTAAG,((((((((.(.(((...((.(....).)).))).)...)))))))),Cocaine,1030,-17.1,-30.3,-9,3
NC83,CTTACGACAAGGGATGTCTGTTAGTGTGTCGGTGCATTGTCGTAAG,(((((((((.(((...)))....((((......))))))))))))),Cocaine,330,-14.7,-20,-5.9,3.4
NC145,CTTACGACACAGGGGGTGGCTAGGGTGCGCGGGAGCTGGTCGTAAG,((((((((..........((......))((....))..)))))))),Cocaine,76,-19.6,-33.3,-9.9,13.6
NC423,CTTACGACTTGTTCTGAGGGTCAACGGTGGTGTAGTTAGTCGTAAG,(((((((((....(((....(((....)))..)))..))))))))),Cocaine,22,-18.7,-28.2,-8.3,3.8
NC973,CTTACGACGGGTTCAGAGGGTCAACGGTGGTGTTGTCGTCGTAAG,((((((((((..((....)).(((((....))))))))))))))),Cocaine,49,-19.6,-32.6,-9.6,2.8
NC1331,CTTACGACGTGTGCTGTTGGTTCTAGGGTAGGATGGCGTCGTAAG,((((((((((...(....)((((((...)))))).)))))))))),Cocaine,93,-14.1,-15.6,-4.6,13.3
MT2-R1,GGGACGACGCTAGGGGATCTTTTGGGGTTTGTATGGGCGTCGTCCC,(((((((((((.(.((((((....)))))).)...))))))))))),Methamphetamine,"2,500",-14.9,-24.7,-7.3,37.7
MT2-R2,GGGACGACGAGGGGATCCATCCAATGGGGTTTGTATACGTCGTCCC,(((((((((.(((......))).(((.(...).))).))))))))),Methamphetamine,"5,000",-20.9,-46.2,-13.7,54.2
MT2-R3,GGGACGACGGTACCCGCCGGTGCAGGATCTGGGGTGGTGTCGTCCC,(((((((((.(((((.((......)).....))))).))))))))),Methamphetamine,"18,000",-6.8,-1.3,-0.4,18.2
MT2-R4,GGGACGACGGCAATTGCCGGTGCAGGATCTGAATTATCGTCGTCCC,((((((((((..(((.((......)).....)))..)))))))))),Methamphetamine,"10,100",-6.1,2.3,0.7,27.7
M1,GGGACGACGGGATGGTAAGTGGTAGGTCGTTGGAATTTCTACTGTATCGTCGTCCC,((((((((((.......(((((....((....))....)))))...)))))))))),Methamphetamine,"5,100",-10.3,-10.7,-3.2,20
M2,GGGACGACGGGACGGTAAGTGGTAGGTCGTTGGAATTTCTACTGTATCGTCGTCCC,((((((((((.((((((.((..(((....)))..))...)))))).)))))))))),Methamphetamine,"3,600",-9.9,-8.5,-2.5,11.9
M3,GGGACGACCGTCCGAGTTTTAGGAGTGGTTGCATTGCGCTGGGAAGAGGTCGTCCC,(((((((((.(((.((.....(.((((....)))).).)).)))...))))))))),Methamphetamine,"4,900",-12.5,-17.9,-5.3,11.6
M4,GGGACGACGCACTATGGCTAGGGTTGGTACGGTCGTGAACCGCGGGGTGTCGTCCC,((((((((((.((...((((....)))).((((.....)))).)).)))))))))),Methamphetamine,"12,400",-9.2,-8.9,-2.6,18.3
M5,GGGACGACGGCACGGGGTTATTCGTTGGTTGCACTGCGCTGGGAGGCAGTCGTCCC,((((((((.((.(((.((..(.((.....)).)..)).)))....)).)))))))),Methamphetamine,"5,300",-6.2,3.2,0.9,10.2
M6,GGGACGACGGGATGGTAAGTGGCAGGTCGTTGGAATTTCTACTGTATCGTCGTCCC,((((((((((.......(((((..(.((....)).)..)))))...)))))))))),Methamphetamine,"4,400",-12.1,-16.4,-4.9,31.2
M7,GGGACGACGGCACGAGGTTATTCGTTGGTTGCACTGCGCTGGGAGGTAGTCGTCCC,((((((((.(((((((....)))))........((.(....).)))).)))))))),Methamphetamine,"6,000",-8.6,-5.7,-1.7,20.3
M8,GGGACGACGGGGCTCTTACCCTGGAGGGTAGAAGGGGAGGTGTGGTCAGTCGTCCC,((((((((..((((.((((((....))))))..(.(....).))))).)))))))),Methamphetamine,"8,500",-6.5,1.3,0.4,24.6
M9,GGGACGACGGCACGTGGTTATTCGTTGGTTGCACTGCGCTGGGAGGCAGTCGTCCC,((((((((.(((.((..(((.....)))..))..)))(((....))).)))))))),Methamphetamine,"6,100",-8.3,-4.1,-1.2,14.3
M11,GGGACGACCGGCTGTCTGGATGCATTGCGCCGGGAACTCGGACGGATGGTCGTCCC,((((((((((.((((((((..((.....)).(....))))))))).)))))))))),Methamphetamine,"8,900",-20.7,-46.7,-13.8,13.7
M12,GGGACGACCGTCCGAGTTATAGGAGTGGTTGCATTGCGCTGGGAAGAGGTCGTCCC,(((((((((.(((.((.....(.((((....)))).).)).)))...))))))))),Methamphetamine,"7,500",-14.3,-24.8,-7.3,10.8
M13,GGGACGACGGCACGAGGTTATTCGTTGGTTGCACTGCGCTGGGAGGAAGTCGTCCC,((((((((..((((((....)))))........((.(....).)))..)))))))),Methamphetamine,"3,300",-10.1,-8.9,-2.6,13
M14,GGGACGACGGGACGGTAAGTGGCAGGTCGTTGGAATTTCTACTGTATCGTCGTCCC,((((((((((.((((((.((..(((....)))..))...)))))).)))))))))),Methamphetamine,"3,700",-14.5,-24.1,-7.1,26.3
M18,GGGACGACGGCACGAGGTTATTCGTTGGTTGCACTGCGCTGGGAGGCAGTCGTCCC,((((((((.(((.(((....)))((.....))..)))(((....))).)))))))),Methamphetamine,"7,000",-7,-0.1,0,15
M20,GGGACGACGGCACGAGGTTAATCGTTGGTTGCACTGCGCTGGGAGGCAGTCGTCCC,((((((((.(((.((......))((.....))..)))(((....))).)))))))),Methamphetamine,"6,400",-6.8,0.7,0.2,15.8
M21,GGGACGACGGCACGAGGTAATTCGTTGGTTGCACTGCGCTGGGAGGCAGTCGTCCC,((((((((.(((....(((((......)))))..)))(((....))).)))))))),Methamphetamine,"6,900",-6.7,0.8,0.2,16.4
ML1,TTCAAATCTGAGCAGCCTAGTTACTGACGGGTTTATAGTACTCGCATTGAGTCTAGATTTGAA,.(((((((((...(((((..(....)..)))))......(((((...))))).))))))))).,Methamphetamine,"3,290",-42.8,-119.2,-35.3,10.4
ML2,TTCAAATCTGGTGCCCTTTCGCAGTCGGTTGGTAATGAGACCACTTTAGAGTCTAGATTTGAA,.(((((((((((((......)))...((((........))))..........)))))))))).,Methamphetamine,"4,440",-31.4,-81.4,-24.1,2.4
ML3,TTCAAATCTTATGTACGTTCTATCGCATGGATGGGATTTTGGGTTACCTAGTCTAGATTTGAA,.((((((((......(((((........)))))(((((..((....)).))))))))))))).,Methamphetamine,"1,540",-12.7,-16.2,-4.8,13.3
ML4,TTCAAATCTTGGTACGTTCTGCCTTTTCTTATTTTGCTTTGGGTTACCTAGTCTAGATTTGAA,.((((((((.((((.....))))............(((..((....)).)))..)))))))).,Methamphetamine,"2,530",-19.2,-39.2,-11.6,8.8
ML5,TTCAAATCTATGGTGCAGTGCGCAGGGACGGAGGTAAAACATGAGTTTTAGTCTAGATTTGAA,.(((((((((..((((...))))...........((((((....))))))...))))))))).,Methamphetamine,"1,550",-13.1,-17.8,-5.3,25
ML6,TTCAAATCTGAGCAGCCTAGTTACTGACGGGTTTATAGTACTCGCATCGAGTCTAGATTTGAA,.(((((((((...(((((..(....)..)))))......(((((...))))).))))))))).,Methamphetamine,"2,090",-41.6,-114.5,-33.9,8.7
ML7,TTCAAATCTGGTGCCCTTTCGCAGTCGGTTGGTAATGAGATCACTTTAGAGTCTAGATTTGAA,.(((((((((((((......))....((((........))))......)...)))))))))).,Methamphetamine,"1,290",-24.6,-56,-16.6,13
ML8,TTCAAATCTCCACGCTGGACTGGATGCAATGCGCCGGGATATCGTCTAAAGTCTAGATTTGAA,.((((((((..((..(((((.....((.....))..((...)))))))..))..)))))))).,Methamphetamine,"7,980",-9.8,-9.8,-2.9,0
ML10,TTCAAATCTGAGCAGCCTAGTTACTGACGGGTTTATAGTACTCACATTGAGTCTAGATTTGAA,.(((((((((...(((((..(....)..)))))......(((((...))))).))))))))).,Methamphetamine,"1,880",-40,-109,-32.3,5.5
ML11,TTCAAATCTGAGCAGCCTAGTTACTGACGGGTTTATAGTACTCGTATTGAGTCTAGATTTGAA,.(((((((((..(((........)))((((((.......))))))........))))))))).,Methamphetamine,"2,450",-43,-119.5,-35.4,8.8
ML12,TTCAAATCTGCGGCGACTAATTCTTAGTGGTGGTTGCAATGCGCTGGGATGAGTCTAGATTTGAA,.((((((.((((((.((((........)))).)))))).....(((((.....))))))))))).,Methamphetamine,"5,670",-7.2,-0.3,-0.1,8.7
ML13,TTCAAATCTGAGCAGCCTAGTTACTGACGGGTTTATAGTACTCGCACTGAGTCTAGATTTGAA,.(((((((((...(((((..(....)..)))))......(((((...))))).))))))))).,Methamphetamine,"7,010",-34.5,-92.9,-27.5,8.6
FX1,GGGACGACGGCCCCTTTTAAGGAGGTAGAGGTGTTCGCTGTCGTCCC,(((((((((((.((((.....))))..(((...)))))))))))))),Flunixin,280,-11.8,-10,-3,0
FX2,GGGACGACTGGGGGTAGGTAAGGTTGGTTCTTGTGAGGTCGTCCC,(((((((((.((((..............))))....))))))))),Flunixin,25600,-6.4,-0.8,-0.2,0
FX3,GGGACGACGGCCCCTTTTAGGAGGTAGAGGTGTTCGCTGTCGTCCC,(((((((((((.(((((........))))).....))))))))))),Flunixin,340,-16.6,-27,-8,0
FX4,GGGACGACGGTACCCGGCGACCTTTAGATGGAGGTGATGTCGTCCC,(((((((((..(((.(....)((......)).)))..))))))))),Flunixin,570,-24.6,-55,-16.3,0
FX5,GGGACGACGGTACCCGGCGATCTTTAGTTGGAGGTAGGGTCGTCCC,((((((((..((((...((((.....))))..))))..)))))))),Flunixin,420,-24.4,-53,-15.7,0
FX6,GGGACGACGGGCAGGGGTGGTCGCGGTAGGTGATGGTCGTCGTCCC,((((((((((((....)).(((((.....)))))..)))))))))),Flunixin,6900,-23.8,-57,-16.9,0
FX10,GGGACGACGGCCGGTGTAGGGGGTAGGGTTTGGCCGCTGTCGTCCC,((((((((((((......)).(((........))).)))))))))),Flunixin,2700,-6.1,4.8,1.4,0
FX11,GGGACGACGGGATGGTGTTGTATGGATTGGCAGGTGCTGTCGTCCC,((((((((((.((..(((((.......))))).)).)))))))))),Flunixin,4600,-15.4,-28,-8.3,0
FX19,GGGACGACAGTAGGGGTGTAGGGGTGGTTGGACTCTCTGTCGTCCC,((((((((((...((((.(((......))).)))).)))))))))),Flunixin,4500,-16.1,-30,-8.9,0
FX35,GGGACGACGGCCCCTTTAAGGAGGTAGAGGTGTTCGCTGTCGTCCC,(((((((((((.((((((......)))))).....))))))))))),Flunixin,510,-18.5,-34,-10.1,0
FX40,GGGACGACGGCCCCCGGAGAGGAGGTAGAGGTGTTCGCTGTCGTCCC,(((((((((((..((.....)).....(((...)))))))))))))),Flunixin,250,-16.6,-26,-7.7,0
FX46,GGGACGACGGCCCCTTTCAAGGAGGTAGAGGTGTTCGCTGTCGTCCC,(((((((((((.((((.....))))..(((...)))))))))))))),Flunixin,340,-12.1,-11,-3.3,0
Fxa,GGGACGACATGTTGCGCGTTGATGGTTGGTTACTTCATGTCGTCCC,(((((((((((.((..((........))..))...))))))))))),Flunixin,6900,-37,-101,-29.9,0
FXb,GGGACGACAGTAGGGGTGTAGGGGTGGTTGGACTCACTGTCGTCCC,((((((((((...((((.(((......))).)))).)))))))))),Flunixin,9500,-17.4,-36,-10.7,0
FXc,GGGACGACGGCCCCAGTGAGGAGGTAGAGGTGTTCGCTGTCGTCCC,(((((((((((.((.....)).....(((...)))))))))))))),Flunixin,4700,-9.4,-7.4,-2.2,0
FXd,GGGACGACGGTGTGGGGGTAGGGGGTGTGGGAAGCGGCGTCGTCCC,(((((((((.(((....................))).))))))))),Flunixin,27400,-8.5,-7.7,-2.3,0
FXe,GGGACGACTGGGGGTTGGTAAGGTTAGGTTCTTGTGAGGTCGTCCC,(((((((((.((((...............))))....))))))))),Flunixin,6700,-14.2,-24,-7.1,0
FXf,GGGACGACGGTACCCGGCGATCTTTAGTTGGAGGTTTGGTCGTCCC,((((((((.(...(((((........))))).....).)))))))),Flunixin,4000,-24.4,-58,-17.2,0
FUB1,GGGACGACGGAAGGGTGTGCTGCGGTTTGGCTTCTGGCGTCGTCCC,(((((((((...(((...(((.......))).)))..))))))))),AB-Fubinaca,225,-19.5,-35.4,-10.5,6.5
FUB2,GGGACGACCTAGGGCTTGGGTTTAGGTGTGGGGTGTTGGGTCGTCCC,((((((((((((.((((.(..(...)..).)))).)))))))))))),AB-Fubinaca,70,-22,-41.2,-12.2,6.3
FUB4,GGGACGACGGGGGGCTTTAGGGTGTAGGAGTGGGGTGAGTCGTCCC,((((((((.....(((((........))))).......)))))))),AB-Fubinaca,138,-23.4,-47.3,-14,3.7
FUB5,GGGACGACGGAGGTGTAGGGTTTAGGTAGTGGTTTGAAGTCGTCCC,((((((((...((..((..(......)..))..))...)))))))),AB-Fubinaca,163,-31.6,-75.7,-22.4,14.8
FUB6,GGGACGACGGAGGTTTAGGGTTTAGGTAGTGGGTTGAAGTCGTCCC,((((((((...((..((..(......)..))..))...)))))))),AB-Fubinaca,54,-31,-71.6,-21.2,10.3
FUB12,GGGACGACTAGGGCTTAGGGTTTAGGTGTGGGGTGTAAGTCGTCCC,(((((((((.(.(((..(.(......).)..))).).))))))))),AB-Fubinaca,131,-19.1,-32.8,-9.7,13.4
FUB20,GGGACGACAGAGGTTAGGTGTAGGTTTTTGGGTCCTGTCGTCCC,((((((((((.(.(((((........))))).).)))))))))),AB-Fubinaca,137,-28.7,-65.5,-19.4,5.2
FUB21,GGGACGACGGAGGTGTAGGGTTTAGGTAGTGGGTTGAAGTCGTCCC,((((((((...((..((..(......)..))..))...)))))))),AB-Fubinaca,57,-29.4,-66.1,-19.6,15.5
AMB1,GGGACGACGCCGGCTTTTAGGGGGGGTGTGGGTGGCGAGTCGTCCC,((((((.(((((.((..............)).)))))...)))))),AB-Fubinaca,4100,-7.3,0,0,2.8
AMB2F,GGGACGACTAGCGGTGTTGGTCGGAGTGGTGGAATCTAGTCGTCCC,(((((((((((.....((..(((...)))..))..))))))))))),AB-Fubinaca,411,-11.8,-10.5,-3.1,6.6
AMB2P,GGGACGACGGCAGGGTGTTGGTGGGGTAGGTCAATGTAGTCGTCCC,((((((((.(((..(..(((......)))..)..))).)))))))),AB-Fubinaca,4290,-8.4,-3.9,-1.1,11.1
AMB3,GGGACGACGCCGGCTTCTAGGGGGGGTGTGGGTGGCGAGTCGTCCC,((((((((..((.(.((((.(.....).)))).).)).)))))))),AB-Fubinaca,4690,-7.5,-0.8,-0.2,5.1
AMB5,GGGACGACACGTGTGGCTGGTAGGGTAGGTCTTGTCGCGTCGTCCC,((((((((.((...((((.........))))....)).)))))))),AB-Fubinaca,13900,-16.8,-34.4,-10.2,45
FUB3,GGGACGACGGGGGGCTAGGGTGTAGGTAGTGGGGTGAGTCGTCCC,((((((((.....(((..(.((....)).)..)))..)))))))),AB-Fubinaca,420,-16.5,-26.5,-7.8,0
FUB7,GGGACGACGGGAGCTGGAAGGTTTCGCGTAGGGTGGTAGTCGTCCC,((((((((.((((((....))))))((.....))....)))))))),AB-Fubinaca,1760,-16.7,-30.2,-8.9,0
FUB8,GGGACGACAGGGGGTGTGGTTTAGGCCTGGGGGTGAATGTCGTCCC,(((((((((...((......))..(((....)))...))))))))),AB-Fubinaca,111,-19.1,-32.6,-9.6,0
FUB9,GGGACGACGGAAGGGTGTGCTGCGGTTCGGCTTCTGGCGTCGTCCC,(((((((((...(((...((((.....)))).)))..))))))))),AB-Fubinaca,1030,-11.6,-11.6,-3.4,0
FUB10,GGGACGACGGGGGGTCTAGGGTGTAGGTAGTGGGGTGAGTCGTCCC,((((((((....(.((((..(......)..)))).)..)))))))),AB-Fubinaca,172,-16.4,-24.4,-7.2,0
FUB11,GGGACGACCGCAGGCTTGGGTGTACGGGTAGGGGTAAGGTCGTCCC,(((((((((....((((..(........)..))))..))))))))),AB-Fubinaca,379,-13.6,-16.4,-4.9,0
FUB13,GGGACGACGGAGGGGTGTGCTGCGGTTTGGCTTCTGGCGTCGTCCC,(((((((((.((((((..((....))...))))))..))))))))),AB-Fubinaca,546,-15.4,-23.3,-6.9,0
FUB14,GGGACGACGGAAGGGTGTGCCGCGGTTTGGCTTCTGGCGTCGTCCC,(((((((((...(((...((((.....)))).)))..))))))))),AB-Fubinaca,1790,-12.5,-15.8,-4.7,0
FUB15,GGGACGACGGAAGGGTGTGCTGCGGTCTGGCTTCTGGCGTCGTCCC,(((((((((...(((...(((.......))).)))..))))))))),AB-Fubinaca,3920,-7.2,0.4,0.1,0
FUB16,GGGACGACCAGGGGTCAGGGTTTAGGTGTGGGGTGTAGGTCGTCCC,(((((((((.(.(.((.(.(......).).)).).).))))))))),AB-Fubinaca,571,-19,-35.6,-10.5,0
FUB18,GGGACGACCAGGGCTTTGGGTTTAGGTGTGGGGTTTAGGTCGTCCC,(((((((((.((((((((.(......).)))))))).))))))))),AB-Fubinaca,649,-22,-45.9,-13.6,0
FUB22,GGGACGACCTAGGGCTTGGGTTTAGGTGTGGGGTGTAAGTCGTCCC,((((((((.((.(.((((.(......).)))).).)).)))))))),AB-Fubinaca,205,-18.5,-31.9,-9.4,0
FUB23,GGGACGACGGAGGGTTAGGGTTTAGGTAGTGGGTTGAAGTCGTCCC,((((((((...((.(((..(......)..))).))...)))))))),AB-Fubinaca,103,-30.1,-69.5,-20.6,0
FUB24,GGGACGACGGAGGTTTAGGGTCTAGGTAGTGGGTTGAAGTCGTCCC,((((((((...((..((..(......)..))..))...)))))))),AB-Fubinaca,11260,-3.5,10.9,3.2,0
FUB25,GGGACGACGGAGGTTTAGGGTTTAGGTAGTGGTTTGAAGTCGTCCC,((((((((...((..((..(......)..))..))...)))))))),AB-Fubinaca,258,-26.6,-59.8,-17.7,0
FUB27,GGGACGACGGGGGGCTTTAGGGCGTAGGAGTGGGGTGAGTCGTCCC,((((((((.....(((((........))))).......)))))))),AB-Fubinaca,3270,-14.5,-23.8,-7,0
FUB28,GGGACGACGGGGGGCTTTAGGGTGTAGGAGTGGGGTGGGTCGTCCC,((((((((.....(((((........))))).......)))))))),AB-Fubinaca,9620,-6.5,0.9,0.3,0
AMB7,GGGACGACGCCGGCTTTTAAGGGGGGGTGTGGGTGGCGAGTCGTCCC,((((((.(((((.((...............)).)))))...)))))),AB-Fubinaca,3610,-14.2,-23.1,-6.8,0
AMB25,GGGACGACTAGCGGTGTTGGTCGGGGTGGTGGAATCTAGTCGTCCC,(((((((((..(((......)))((((......))))))))))))),AB-Fubinaca,510,-11.1,-8.7,-2.6,0
AB1-53,TTCAAATCTAGCGCAGGTAGGGGTGTAGGTGTGGGGGTAAGTCTAGATTTGAA,.((((((((.((((........))))........(((....))))))))))).,AB-Fubinaca,24,-30.2,-66.9,-19.8,6.3
AB2-53,TTCAAATCTAGCGCAGGTAGGGGTGTAGGCGTGGGGGTAAGTCTAGATTTGAA,.(((((((((((((........)))).(((..........)))))))))))).,AB-Fubinaca,53,-20.9,-37,-11,5
AB3-53,TTCAAATCTGGCGCAGGTAGGGGTGTAGGTGTGGGGGTAAGTCTAGATTTGAA,.((((((((.((((........))))........(((....))))))))))).,AB-Fubinaca,20,-23.7,-45,-13.3,8.2
AB4-53,TTCAAATCTCGCGCAGGTAGGGGTGTAGGTGTGGGGGTAAGTCTAGATTTGAA,.(((((((((((((..(........)..))))).(((....))))))))))).,AB-Fubinaca,40,-27.9,-60,-17.8,4.5
LA1,TTCAAATCTGGCGTTCGGGTTTGTCTTATTGATGGATCAAGTCTAGATTTGAA,.((((((((((......((((((((.....))))))))....)))))))))).,AB-Fubinaca,629,-21.6,-45,-13.3,2.7
LA3,TTCAAATCTGATCAGGTATCCGCCGTGTGCATTGTCGACAGTCTAGATTTGAA,.(((((((((....(((....)))((..((...))..))....))))))))).,AB-Fubinaca,941,-23.1,-50,-14.8,0
LA5,TTCAAATCTTGCGAATTGGACTCAGAATGTGGGTTTGCCAGTCTAGATTTGAA,.((((((((.((.....(((((((.....)))))))....))..)))))))).,AB-Fubinaca,998,-19.1,-37,-11,3
LA10,TTCAAATCTCACGGTGTTCTGACCTTAATGGGACTATTTAGTCTAGATTTGAA,.((((((((...(((......)))......(((((....))))))))))))).,AB-Fubinaca,788,-17.9,-33,-9.8,0
LA13,TTCAAATCTGGATGCTCGGGTTCGTACGTGTATGGATTAAGTCTAGATTTGAA,.((((((((((((.....((((((((....))))))))..)))))))))))).,AB-Fubinaca,1740,-23.9,-54,-16,0
LA17,TTCAAATCTCGGTTTCACTGGGTTGCTAGACGCGCTGGGAGTCTAGATTTGAA,.((((((((((((...))))))...((((((.(.....).)))))))))))).,AB-Fubinaca,715,-14.2,-20,-5.9,0
LA45,TTCAAATCTGGATGCTCGGGTTTGTGTTCACATGGATCAAGTCTAGATTTGAA,.((((((((((((.....((((((((....))))))))..)))))))))))).,AB-Fubinaca,967,-23.4,-52,-15.4,0
LA52,TTCAAATCTGGCGTAATTGTCCAATGTACCCGCCGGCACAGTCTAGATTTGAA,.((((((((((((..(((....))).....))))(((...))).)))))))).,AB-Fubinaca,2830,-27.9,-69,-20.4,0
HM1,GGGACGACGGGATTCGGATCGTGGAACAGTGCCTCGTCGTCGTCCC,(((((((((((((....)))(.((.......)).).)))))))))),Heroin,850,-29.4,-71.5,-21.2,11.1
HM2,GGGACGACGCGTAGGTTTCCTAGCTGTGCGTCGTTCAAGTCGTCCC,.(((((((((((((.(.....).)))))))))))))..........,Heroin,4570,-19,-39.8,-11.8,0.4
HM4,GGGACGACTAGCCCGGCGTTGTTCGAGTGCAGCGAGTAGTCGTCCC,((((((((((......((((((......))))))..)))))))))),Heroin,2390,-15.8,-27.6,-8.2,1.5
HM5,GGGACGACTAGCCGTGGCGTTGTCCGAACCAGTGAGTAGTCGTCCC,((((((((((((....))(((.....))).......)))))))))),Heroin,2610,-15.6,-27,-8,2.9
HM7,GGGACGACAGGGCACGTCTCGGCATCGAGGGTTTCGCGGTCGTCCC,((((((((.(.(....(((((....)))))....).).)))))))),Heroin,4740,-17.7,-35.4,-10.5,1.7
HM9,GGGACGACGGGAAGGTTGGCAGCGCATCGTCGGGTCACGTCGTCCC,(((((((((.((...(((((........))))).)).))))))))),Heroin,2400,-21.1,-45.6,-13.5,3
HM10,GGGACGACGAGGGCACGTCTGTGTGCAGGGTTTCGCGCGTCGTCCC,(((((((((...(((((....)))))...((...)).))))))))),Heroin,3760,-19.3,-40.4,-12,9.6
HM11,GGGACGACGCGTAGGTCTCCTAGCTGTGCGTCGTTCAAGTCGTCCC,.(((((((((((((.(.....).)))))))))))))..........,Heroin,4350,-15.7,-28.6,-8.5,2.6
HM14,GGGACGACGCGTACCTGTGGTAGTTGTACGTCGTTCAAGTCGTCCC,((((((((.(((((...........)))))........)))))))),Heroin,4130,-14.8,-25.4,-7.5,2.2
HM15,GGGACGACGCGTAGGTTCCCTAGCTGTGCGTCGTTCAAGTCGTCCC,.(((((((((((((.(.....).)))))))))))))..........,Heroin,3400,-15.9,-28.6,-8.5,3.2
HM16,GGGACGACCGTTGGCGAGTGTGTCCGGGGACTACAGGGGTCGTCCC,(((((((((.(((((....))(((....)))..))).))))))))),Heroin,1610,-15.1,-24.6,-7.3,3.1
HM20,GGGACGACATGCGTCGAAAAGACCCCTGAGGGCAGCTGGTCGTCCC,((((((((..(((((.....)))(((...)))..))..)))))))),Heroin,1110,-16.5,-28.3,-8.4,2.4
HM22,GGGACGACGCGTACTTCCAGTAGCCGTGCGTCGTTCAAGTCGTCCC,((((((((.(((((...........)))))........)))))))),Heroin,4080,-15.1,-26.5,-7.8,1
HM23,GGGACGACTAGCCGCGCGTTGTCCGACCCTTGGAAGTAGTCGTCCC,((((((((((.(((.(.(((....))).).)))...)))))))))),Heroin,3110,-14.2,-22.6,-6.7,3.8
HM24,GGGACGACAAGTACCAAGGGTAGCTCTGCGTTGTTCGAGGTCGTCCC,((((((((...((((...)))).(((..........))))))))))),Heroin,2180,-13.9,-21.1,-6.2,4.7
HM25,GGGACGACGGGGCTGTGGGAGGGGGTTCATGGGTCCCGGTCGTCCC,((((((((.(((..(((((......)))))....))).)))))))),Heroin,6490,-16.7,-32.7,-9.7,8.5
HM29,GGGACGACTAGCGCATGCGTTGTTCGAGGATACGAGTAGTCGTCCC,(((((((((((((....)))..((((......)))))))))))))),Heroin,2670,-14.7,-24,-7.1,1.3
HM30,GGGACGACCGTTGTTCGAGCCTTGAGTACCATTGGTAGGTCGTCCC,(((((((((....(((((...)))))((((...))))))))))))),Heroin,2280,-15.8,-27.4,-8.1,0.4
HM31,GGGACGACGCGTACCATGGGTAGTTGCACGTCGTCCAAGTCGTCCC,((((((((..(.((.(((.((....)).))).)).)..)))))))),Heroin,5620,-15.7,-28.9,-8.6,1.3
HM31.2,GGGACGACTAGCTGGTGCGTTGTCCGAAGTCATGAGTAGTCGTCCC,((((((((((((....))..((.(....).))....)))))))))),Heroin,3310,-15.1,-26,-7.7,9.8
HM41,GGGACGACTAGCCCTAGCGTTGTTCGAGTCCATGAGTAGTCGTCCC,((((((((((((....))....((((......)))))))))))))),Heroin,3310,-15.8,-28.4,-8.4,2.7
HM116,GGGACGACTAGCCGTGGCGTTGTTCGAGTGCAGCGAGTAGTCGTCCC,((((((((((((....))(((((......)))))...)))))))))),Heroin,2110,-14.7,-23.5,-7,2.6
HM426,GGGACGACGCGTACCTGTGGTAGTCGTACGTCGTTCAAGTCGTCCC,((((((((..(((((...))))(.(....).)...)..)))))))),Heroin,4520,-14.8,-25.5,-7.5,1.3
OM1,GGGACGACAAGTCAGGCCTGTCTCAGCGAGTTCGACATGTCGTCCC,(((((((((.(((.(((.(((....))).))).))).))))))))),Oxycodone,450,-26.5,-60.3,-17.8,4.7
OM2,GGGACGACGGCTTAGCAAAGCTAGTAGGGGTCCACGCTGTCGTCCC,((((((((((((((((...)))))..((...))..))))))))))),Oxycodone,900,-16.8,-29.1,-8.6,3.8
OM3,GGGACGACTGGCGCCGGATTCCCTAAGGTACACGGACTGTCGTCCC,((((((((.(...(((....((....))....))).).)))))))),Oxycodone,3060,-24.4,-57.2,-16.9,2.8
OM4,GGGACGACGAGTGCGGGGAGTGTGTTTCTGTGGGGGTCGTCGTCCC,((((((((((.(.((.((((.....)))).))..).)))))))))),Oxycodone,990,-12.8,-15.7,-4.6,1.7
OM5,GGGACGACCCGTAGGGGTACACGCTCTATAGGGGCTGGGTCGTCCC,(((((((((((((....)))..(((((...))))).)))))))))),Oxycodone,410,-12.3,-12.4,-3.7,4.6
OM6,GGGACGACCCGTAGGGGTACACGCTCTATGGGGGCTGGGTCGTCCC,(((((((((((((....)))..(((((...))))).)))))))))),Oxycodone,500,-14.8,-21,-6.2,2.9
OM7,GGGACGACATCGTAGGGGCACACGCTTAACGGGCTGATGTCGTCCC,((((((((((((..(.....)..(((.....))))))))))))))),Oxycodone,1420,-22,-47.5,-14.1,4.1
OM8,GGGACGACGCAGCAGTCCATCTCTCAGCGAGTTCGTCAGTCGTCCC,((((((((...((.......(((.....)))...))..)))))))),Oxycodone,2220,-14.8,-24.2,-7.2,4.7
OM9,GGGACGACTACGTAGCCCTGTCTCAGCGAGTTCGCGGAGTCGTCCC,(((((((((..(..((...))..).(((....)))..))))))))),Oxycodone,1150,-25.3,-58.3,-17.3,1.9
OM10,GGGACGACAGAGTAGGCCTGTCTCAGCGAGTTCGCTATGTCGTCCC,((((((((((((.........)))((((....)))).))))))))),Oxycodone,1060,-21.9,-46.5,-13.8,0
OM11,GGGACGACGGCTTGCATTGAGCAGAAGGGGTACACGCTGTCGTCCC,(((((((((((((((.....))))..(.....)..))))))))))),Oxycodone,790,-14.8,-22.2,-6.6,5.5
OM12,GGGACGACATGGGATACGAACTCGTTTGGATGTGGTGTGTCGTCCC,(((((((((((..((.((((....))))...))..))))))))))),Oxycodone,2900,-18.9,-38.4,-11.4,0
OM13,GGGACGACGCGCATGTGGTGTCGGTCAGATGGGATGAAGTCGTCCC,((((((((.(.(((.(((......))).))).).....)))))))),Oxycodone,3700,-16.5,-30.8,-9.1,10.7
OM14,GGGACGACGGATTGCGCTTGCTAACGCCGTGTAGAGTCGTCGTCCC,((((((((((.((((((..((....)).))))))..)))))))))),Oxycodone,2160,-36.1,-95.9,-28.4,0.5
OM15,GGGACGACCGGACTTGGGTGGGTGCTGGGGCTTGGGCGGTCGTCCC,((((((((((..((.((.(..(...)..).)).)).)))))))))),Oxycodone,1690,-22.5,-49.7,-14.7,3.3
OM16,GGGACGACGGGGGGAGTAATGTTTGTGTGGGGGAGCCGGTCGTCCC,((((((((.((.......((......)).......)).)))))))),Oxycodone,1190,-10,-6.8,-2,2.6
OM17,GGGACGACGGGATGTGGTGTCAGTCATGATGGGATCAAGTCGTCCC,((((((((..(((.(...((((....)))).).)))..)))))))),Oxycodone,3650,-17.4,-33.9,-10,4.4
OM19,GGGACGACCGCGTAGGGGAACACGCTTGCAGGGCTGAGGTCGTCCC,(((((((((((((........))))...((....)).))))))))),Oxycodone,2430,-13.6,-20.1,-5.9,1.1
OM20,GGGACGACAAGTCAGGTCTGTCTCAGCGAGTTCGACATGTCGTCCC,(((((((((.(((.((..(((....)))..)).))).))))))))),Oxycodone,2160,-12.9,-17.7,-5.2,0
OM22,GGGACGACGGGGGGAGTTTGTTTGTGTGGGAGGGTCCAGTCGTCCC,((((((((....(((.(((.((.....)).))).))).)))))))),Oxycodone,1750,-10.3,-8.5,-2.5,7.5
OM25,GGGACGACGGCCATGGGATTGTCTAATGTGGTGTGGAAGTCGTCCC,((((((((..(((((..((........))..)))))..)))))))),Oxycodone,6290,-19.3,-41.3,-12.2,0
OM28,GGGACGACGCGTGGGATACCTTTTGGGATGTGGTGCACGTCGTCCC,(((((((((.(((..((.((....))...))..))).))))))))),Oxycodone,6130,-19,-40.3,-11.9,0
OM29,GGGACGACTGAGTAGGCCTGTCTCAGCGAGTTCACTATGTCGTCCC,((((((((..(((..((.(((....))).))..)))..)))))))),Oxycodone,510,-25.7,-57.9,-17.1,0
OM31,GGGACGACATGGGATGGAGCTATGCGAGCATGTGGTGTGTCGTCCC,(((((((((((..(((..(((.....))).)))..))))))))))),Oxycodone,3190,-17.6,-34.4,-10.2,7.4
OM36,GGGACGACATGGGATACCAGAGTCCTGGGATGTGGTGTGTCGTCCC,(((((((((((..((.((((....))))...))..))))))))))),Oxycodone,2770,-18.4,-36.6,-10.8,0.9
M2.2,GGGACGACTAGTGCCTTCGCGTTGTACGGGAATCCGGTTCTGTCGTCCC,((((((((....(((.((.(((...))).))....)))...)))))))),Morphine,1300,-30,-74.3,-22,11.8
H9,GGGACGACGGGGATTCGGTCTTGGTACATAGGGGCCTCGTACGTCGTCCC,(((((((((...((..((((((........))))))..)).))))))))),Morphine,1400,-28,-67.6,-20,0
H11,GGGACGACGGGGATTCGCGGATTCGGAGAAAAGGGCTCGTACGTCGTCCC,(((((((((((...))((((..((........))..)))).))))))))),Morphine,2300,-28.3,-69.8,-20.7,5.2
H12,GGGACGACGGGGATTCGGTTCGTGATCAACAGTGCCTCGTACGTCGTCCC,(((((((((...((..(((..((.....))...)))..)).))))))))),Morphine,1300,-29.4,-72.2,-21.4,0
H17,GGGACGACCAGGATTCGGTTCGGAAAGTCCAGTGCCTCGTTGGTCGTCCC,(((((((((((.....(((..(((...)))...)))...))))))))))),Morphine,3100,-36.7,-98.6,-29.2,13.9
H20,GGGACGACCAGGATTCGGTTCTTTGTAAATAGTGCCTCGTTGGTCGTCCC,(((((((((((.....(((.((........)).)))...))))))))))),Morphine,1800,-35,-91.8,-27.2,13.1
M25,GGGACGACTACAGGTCGTGCGTCGCTCGAGTTGGTGAGTGTGTCGTCCC,((((((((..(((.(((.((...)).))).)))........)))))))),Morphine,3500,-19.6,-41,-12.1,8.1
M2,GGGACGACTACAGGTCGTGCGTTGCTCGAGTTGGTGAGTGTGTCGTCCC,((((((((..(((.(((.((...)).))).)))........)))))))),Morphine,21300,-25.4,-64.4,-19.1,0
H15,GGGACGACAGGGATTCGGTCTTGGTACATAGGGGCCTCGTCTGTCGTCCC,(((((((((((.....((((((........))))))...))))))))))),Morphine,1100,-30.2,-74.4,-22,11.9
H32,GGGACGACAGGGATTCGGTCTTGGAACAAAGGGGCCTCGTCTGTCGTCCC,(((((((((((.....((((((........))))))...))))))))))),Morphine,1100,-29.4,-71.9,-21.3,10.8
H39,GGGACGACGGGGATTCGCGGATTCATAGAAAAGGGCTCGTCCGTCGTCCC,((((((((..(((((....)))))........(((....))))))))))),Morphine,2500,-29.3,-73.4,-21.7,1.8
M1,GGGACGACTAGTGCCTTCGCGTTGTTCGGGAATCCGGTTCTGTCGTCCC,((((((((....(((.((.((.....)).))....)))...)))))))),Morphine,4400,-31.5,-81.8,-24.2,13.8
M12,GGGACGACTAGTGCCTTCGCGCTGTGCGGGAATCCGGTTCTGTCGTCCC,((((((((((((((....))))))..(((....))).....)))))))),Morphine,6600,-31.8,-83.9,-24.8,12.6
M19,GGGACGACTAGTGCCTTCGTGTTGTTCAGGAATCCGGTTCTGTCGTCCC,((((((((....(((.((.((.....)).))....)))...)))))))),Morphine,3500,-35.3,-94.2,-27.9,15.4
HM1-4-FEN1,GGGACGACGGGGATTCGGTTCGTCATTTGGCAGTGCCTCGTCTGTCGTCCC,((((((((...(((..(((..(((....)))...)))..))).)))))))),Morphine,9300,-28.1,-71.9,-21.3,3.2
HMR10.16,GGGACGACGGGGATTCGCGGATTCATGGAAAAGGGCTCGTCTGTCGTCCC,(((((((((((((((....)))))((((........)))))))))))))),Morphine,20600,-26.5,-68.2,-20.2,2.2
HM1-10-FEN1,GGGACGACGGGGATTCGGTTCGTCATTTGGCAGTGCCTCGTACGTCGTCCC,(((((((((...((..(((..(((....)))...)))..)).))))))))),Morphine,1500,-28.9,-70.9,-21,6.8
HM4-11-FEN1,GGGACGACTAGTGCCTTCGTGTTGTTCGGGAATCCGGTTCTGTCGTCCC,((((((((....(((.((.((.....)).))....)))...)))))))),Morphine,1900,-30.3,-76.3,-22.6,10.5
HM4-12-FEN1,GGGACGACTAGTGCCTTCGCGTTGTTCGGGAATCCGGTTCCGTCGTCCC,((((((((..(((....)))........(((((...))))))))))))),Morphine,19500,-30,-79.7,-23.6,4
HM1-16-FEN1,GGGACGACAGGGATTCGGTTCTCGATAAGTAGTGCCTCGTACGTCGTCCC,((((((((.((((......))))........((((...)))))))))))),Morphine,13300,-28.1,-72.6,-21.5,2.7
HM4-21-FEN1,GGGACGACTAGTGCCTTCGCGTTGTTCAGGAATCCGGTTCTGTCGTCCC,((((((((..(((....)))........(((((...))))))))))))),Morphine,13800,-33.5,-91.2,-27,10.6
HM1-22-FEN1,GGGACGACAGGGATTCGCGGATTCGGAGAAAAGGGCTCGTACGTCGTCCC,((((((((..(((((....))))).(((.......)))....)))))))),Morphine,22200,-26.9,-69.6,-20.6,2.9
HM10.1,GGGACGACGGGGATTCGGTTCTCGATAAGTAGTGCCTCGTACGTCGTCCC,(((((((((...((..(((.((........)).)))..)).))))))))),Morphine,1750,-26.1,-61.8,-18.3,0
HM10.2,GGGACGACGGGGATTCGGTTCGTGTCTAACAGTGCCTCGTACGTCGTCCC,(((((((((...((..(((..((.....))...)))..)).))))))))),Morphine,2020,-26,-61.8,-18.3,0
HM10.3,GGGACGACGGGGATTCGGTTCGCGATGAGCAGTGCCTCGTACGTCGTCCC,(((((((((...((..(((..((.....))...)))..)).))))))))),Morphine,1590,-24.9,-57.4,-17,0
HM10.4,GGGACGACGGGGATTCGGTTCGTGTTCAGCAGTGCCTCGTCCGTCGTCCC,(((((((((((.....(((...(((...)))..)))...))))))))))),Morphine,1200,-25.4,-58.8,-17.4,0
HM10.5,GGGACGACGGGGATTCGGTTCGTGATTAGCAGTGCCTCGTCCGTCGTCCC,(((((((((((.....(((..((.....))...)))...))))))))))),Morphine,1010,-24.4,-54.7,-16.2,0
HM10.6,GGGACGACAGGGATTCGGTTCGTGGTTAACAGTGCCTCGTCTGTCGTCCC,(((((((((((((......))(.(((.......))).).))))))))))),Morphine,1150,-26.9,-63.5,-18.8,0
HM10.2M1,GGGACGACAGGGATTCGGTTCGTGTCTAACAGTGCCTCGTACGTCGTCCC,((((((((..((((.((...)).))))....((((...)))))))))))),Morphine,17800,-30.6,-81.7,-24.2,0
HM10.2M6,GGGACGACGGGGATTCGGTTCGCGTCTAACAGTGCCTCGTACGTCGTCCC,(((((((((......(((..(((........)))..)))..))))))))),Morphine,12800,-37.7,-104.7,-31,0
HM10.2M7,GGGACGACGGGGATTCGGTTCGCGTCTAGCAGTGCCTCGTACGTCGTCCC,(((((((((...((..(((..((.....))...)))..)).))))))))),Morphine,1400,-26,-60.1,-17.8,0
E1,GGGACGACTGCTTGGGTAGGTCGGGCTTGGGTTCGGCGGTCGTCCC,((((((((((((..((....))((((....)))))))))))))))),Fentanyl,79,-22.5,-43.5,-12.9,14.5
E2,GGGACGACAAAATGGCAGCATTGGTGACGGAGTTGCTTGTCGTCCC,(((((((((..............(..(......)..)))))))))),Fentanyl,143,-16.2,-23.5,-7,2.8
L1,GGGACGACAAAAATGGAAGCATTGGTTGTTGGTGCTTTGTCGTCCC,(((((((((((......((((.....)))).....))))))))))),Fentanyl,426,-20.3,-39.3,-11.6,2.9
L3,GGGACGACGGTTGGCTTGGGTCGGGTGTGGGTGCGGCGTCGTCCC,(((((((((.(..(((((.(.....).)))))..).))))))))),Fentanyl,25,-30.9,-69.6,-20.6,4.6
L5,GGGACGACAGCTTGGCTTGGTCGGGGTAGGGTTCGGATGTCGTCCC,(((((((((.((..((((..(....)..))))..)).))))))))),Fentanyl,121,-30,-69.6,-20.6,7.7
P1,GGGACGACAGCTTGGTTTGGTCGGGGTAGGGTTCGGATGTCGTCCC,((((((((((((......)))((((......))))..))))))))),Fentanyl,97,-31.1,-71.4,-21.1,15.4
P2,GGGACGACTAATGGGAGCATTGGTCCACGCAGTGTGCAGTCGTCCC,(((((((((..((((........)))).(((...)))))))))))),Fentanyl,268,-17.3,-28.7,-8.5,5.4
P4,GGGACGACGGTTGGCTTGGGGTCGGGTGTGGGTGCGGCGTCGTCCC,(((((((((.(..(((((.(......).)))))..).))))))))),Fentanyl,49,-30.7,-70.3,-20.8,17.9
P5,GGGACGACTGCTTGGGTAGGTCGGGTTTGGGTTCGGCGGTCGTCCC,((((((((((((..((....))(((......))))))))))))))),Fentanyl,128,-26.1,-56.7,-16.8,28.9
P6,GGGACGACGGTTGGCATTGGGTCGGGTGTGGGGGCGGCGTCGTCCC,(((((((((.(((((.....))))).(((....))).))))))))),Fentanyl,666,-29.5,-71.6,-21.2,12.1
P10,GGGACGACAGAATGGCAGCATTGGTGAGTTGTTTGCCTGTCGTCCC,((((((((((...((((((........))))))...)))))))))),Fentanyl,490,-25.8,-58.3,-17.3,1.7
NF2,GGGACGACAGTGGCGTTTATGGGTCGGGTGTGGGAAATGTCGTCCC,(((((((((......(((..(.(.....).)..))).))))))))),Fentanyl,156,-20,-36.8,-10.9,18.4
K10,GGGACGACTGCTTGGGTAGGTCGGGTTTGGGTGCGGCGGTCGTCCC,((((((((((((..((....))(.(......).))))))))))))),Fentanyl,505,-27,-62.3,-18.4,9.4
E6,GGGACGACGGTTGGCATTGGGTCGGGTGTGGGTGCGGCGTCGTCCC,(((((((((.(((((.....))))).(((....))).))))))))),Fentanyl,46,-29.6,-66.3,-19.6,13.2
E2-F1,GGGACGACGCAAATGGGAGCATTGGTCGGACTGTCAGCGGGCAGTCGTGCTGTGTCGTCCC,(((((((((((((((....)))).((..(((((((....)))))))..))))))))))))),Fentanyl,114,-26.8,-58.5,-17.3,0
E2-F2,GGGACGACGGGAATGGAAGCATTGGTTGGAGGCTCCAGCCGAGTGCCCTGGTCGTCCC,((((((((.((((((....))))(((((((...))))))).......)).)))))))),Fentanyl,154,-25.4,-54.5,-16.1,0
E2-F3,GGGACGACGGAAATGGAAGCATTGGTTGGTCAGCATGACGTGCTCTGTCGTCCC,(((((((((((((((....)))).((..((((...))))..))))))))))))),Fentanyl,87,-26.8,-58,-17.2,0
E2-F4,GGGACGACGGAAATGGCAGCATTGGTGGAAATACAGGGTGTTTGTGCTGCGTCGTCCC,(((((((((..((((....))))((((.((((((...)))))).)))).))))))))),Fentanyl,155,-26.7,-59,-17.5,0
E2-F5,GGGACGACAGGAATGGCAGCATTGGTGGTGATCGCAGAGCATTGCCCGGTCGTCCC,((((((((......(((((..((.((((...))))..))..)))))..)))))))),Fentanyl,117,-24.4,-50.6,-15,0
FL1,GGGACGACGCAAATGGAAGCATTGGTTGTCGTTAGACTGCTGGGTCGTCCC,((((((((.((((((....)))).((.(((....))).)))).)))))))),Fentanyl,86,-27.3,-59.7,-17.7,0
FL2,GGGACGACGGGAATGGAAGCATTGGTTATCGTTAGAGTGCCCTGTCGTCCC,((((((((((.((((....))))(((..((....))..))))))))))))),Fentanyl,104,-26.8,-58.5,-17.3,0
FL3,GGGACGACGCAAATGGAAGCATTGGTTGTGTTCACACTGCTGGGTCGTCCC,((((((((.((((((....)))).((.(((....))).)))).)))))))),Fentanyl,99,-30.5,-71,-21,19
FL4,GGGACGACGCAAATGGAAGCATTGGTTGAGCTCGCTCTGCTGGGTCGTCCC,((((((((.((((((....)))).((.(((....))).)))).)))))))),Fentanyl,87,-26.2,-56.3,-16.7,0
H1,GGGACGACGCAAATGGAAGCATTGGTTGAACTTGTTCTGCTGGGTCGTCCC,((((((((.((((((....)))).((.(((....))).)))).)))))))),Fentanyl,99,-26.2,-56.3,-16.7,0
H2,GGGACGACGGGAATGGAAGCATTGGTTCAGTTCACTGTGCCTCGTCGTCCC,((((((((((.((((....))))(((.(((....))).))))))))))))),Fentanyl,85,-29.1,-65.8,-19.5,0
H3,GGGACGACGGGAAATGGAAGCATTGGTTGAGTTACTCTGCTCCTGTCGTCCC,((((((((((((((((....)))).((.(((...))).)))))))))))))),Fentanyl,87,-29.6,-67.5,-20,10.6
H4,GGGACGACGGGAATGGAAGCATTGGTTCAACTTGTTGTGCCTCGTCGTCCC,((((((((((.((((....))))(((.(((....))).))))))))))))),Fentanyl,83,-26.4,-56.9,-16.8,0
H5,GGGACGACGGGAATGGAAGCATTGGTTACCGACAGGGTGCCTCGTCGTCCC,((((((((((.((((....))))(((..((....))..))))))))))))),Fentanyl,93,-28.7,-64.5,-19.1,0
E2-2,GGGACGACCAAAATGGCAGCATTGGTGGACGATAGTTTGCTTGGTCGTCCC,((((((((((.((((....))))(((((((....))))))))))))))))),Fentanyl,67,-19.4,-32.5,-9.6,0
E2-4,GGGACGACCAAAATGGCAGCATTGGTGGGTGATAACTTGCTTGGTCGTCCC,((((((((((.((((....))))(((((((....))))))))))))))))),Fentanyl,68,-20.8,-37.5,-11.1,0
E2-5,GGGACGACCAAAATGGGAGCATTGGTCGACACTAGTCTGCTTGGTCGTCCC,((((((((((.((((....))))(((.(((....))).))))))))))))),Fentanyl,54,-21.3,-38.9,-11.5,0
E2-11,GGGACGACCAAAATGGGAGCATTGGTCGACGCTAGTTTGCTTGGTCGTCCC,((((((((((.((((....))))(((..((....))..))))))))))))),Fentanyl,70,-21.6,-40.1,-11.9,0
E2-13,GGGACGACGCAAATGGCAGCATTGGTGACTGGTACAGGTGCTGGGTCGTCCC,((((((((((.....))(((((..(((.....)))..)))))..)))))))),Fentanyl,101,-19.4,-33.4,-9.9,0
E2-16,GGGACGACCAGAATGGAAGCATTGGTTGCCGCAGGGTGCCGCAGTCGTCCC,((((((((...((((....))))...(((.(((...))).))))))))))),Fentanyl,78,-16.4,-22.8,-6.7,1
E2-20,GGGACGACCAAAATGGGAGCATTGGTCAACCTCAGTTTGCTTGGTCGTCCC,((((((((((.((((....))))(((..((....))..))))))))))))),Fentanyl,162,-23.9,-49.5,-14.7,0
E2-21,GGGACGACCAAAATGGCAGCATTGGTGGACGTACGTATGCTTGGTCGTCCC,((((((((((..................(...........))))))))))),Fentanyl,76,-23.1,-45.5,-13.5,0
E2-24,GGGACGACGGGAATGGCAGCATTGGTGGAGTTTACTGTGCCTCGTCGTCCC,((((((((((.((((....))))((((.((....)).)))))))))))))),Fentanyl,106,-23.1,-46.2,-13.7,0
E2-25,GGGACGACCAAAATGGCAGCATTGGTGGGTTTAAACGTGCTTGGTCGTCCC,((((((((((.((((....))))((((.((....)).)))))))))))))),Fentanyl,74,-24.1,-48.8,-14.4,0
E2-26,GGGACGACGGGAATGGAAGCATTGGTTGTCGTTAGAGTGCCTCGTCGTCCC,((((((((((.((((....))))(((..((....))..))))))))))))),Fentanyl,116,-20.6,-37.7,-11.2,0
E2-29,GGGACGACCAAAATGGGAGCATTGGTCGGCGTAAGCTTGCTTGGTCGTCCC,((((((((((.((((....))))(((.(((....))).))))))))))))),Fentanyl,71,-19.7,-33.7,-10,0
F1,CTTACGACACGAGGTGTTTGGACTAAGTTCGGTTTCGGGTCGTAAG,((((((((.((((....((((((...)))))).)))).)))))))),Fentanyl,510,-20.9,-41.7,-12.3,0
F2,CTTACGACGACTGCGTGTGGCCGGTGTGAGGGAGGGTTGTCGTAAG,((((((((((((...(.(.((....)).).)...)))))))))))),Fentanyl,93,-21.4,-39.7,-11.8,0
F3,CTTACGACAGCGGGTGTATGTACTAAGTCCGGTTCGGTGTCGTAAG,(((((((((.((((..................)))).))))))))),Fentanyl,709,-16.5,-27.4,-8.1,0
F4,CTTACGACACTGGCAGGAGGGTCGGGTGTGGGAACGTGGTCGTAAG,((((((((.(((((......)))))...((....))..)))))))),Fentanyl,923,-22.2,-47.2,-14,12.1
F5,CTTACGACCAGGCCTACGGAAGCAGCGTCAGCGGGGGGGTCGTAAG,(((((((((...(((.(....)..((....)))))..))))))))),Fentanyl,316,-26.4,-59.1,-17.5,8.4
F6,CTTACGACTAGTGGAGTAGGGTCGGGTAGTGGGCCTCAGTCGTAAG,(((((((((.........(((((........))))).))))))))),Fentanyl,42,-27.8,-60.1,-17.8,10.9
F7,CTTACGACCACCATGGGAATCGGGTGGCTTGGAGGTGCGTCGTAAG,((((((((((((..........))))((........)))))))))),Fentanyl,43,-22,-40.5,-12,21.9
F8,CTTACGACGAGCATCGGTTTTTTCGGTGATGTCTGGGAGTCGTAAG,((((((((...((((((.....))))))..........)))))))),Fentanyl,350,-25.1,-55.2,-16.3,16.6
F9,CTTACGACGGAGGTTGGGAAGGAGGGGGAGGCCGGAGAGTCGTAAG,((((((((...((((..............)))).....)))))))),Fentanyl,72,-10.9,-3.9,-1.2,18.1
F21,CTTACGACCGGACATGTGATCGGGCAGCTGGGAGTCGGGTCGTAAG,(((((((((.(((......((((....))))..))).))))))))),Fentanyl,310,-17.7,-29.9,-8.9,0
F28,CTTACGACGGGTGGGGAGGCCCTCTAGTTGGGAACGGTGTCGTAAG,(((((((((((.(((....))).))..(((....)))))))))))),Fentanyl,43,-25.5,-52.3,-15.5,0
F10,CTTACGACGGCAGGTGTTTGCACTAAGTCCGGTATGTCGTCGTAAG,((((((((((((.((....))(((......))).)))))))))))),Acetyl Fentanyl,546,-20.6,-41.1,-12.2,0
F11,CTTACGACCGGTGTGCTCGGGGAAGGGGGGCCCTAGGTGTCGTAAG,((((((((...............(..((....))...))))))))),Acetyl Fentanyl,"27,200",-26.6,-69,-20.4,0
F12,CTTACGACATCTGCGTGTGGCCGGTGTGAGGGAGGGATGTCGTAAG,((((((((((((...(.(.((....)).).)...)))))))))))),Acetyl Fentanyl,60,-23.1,-44.9,-13.3,9
F13,CTTACGACCATGGGTGTTTGCACTAAGTCCGGTTCTTGGTCGTAAG,((((((((((..((((....)))).((.......)))))))))))),Acetyl Fentanyl,251,-17.2,-28,-8.3,6.3
F14,CTTACGACCGGTGTGCTCGGGGAAGGGGGCCCTAGGTGGTCGTAAG,((((((((((.(..((((........))))....).)))))))))),Acetyl Fentanyl,68,-35.2,-86.2,-25.5,11.5
F15,CTTACGACACCGGGATCCAGATGGGTAGTTTGATGTGTGTCGTAAG,((((((((((.((...))(.((.((....)).)).))))))))))),Acetyl Fentanyl,156,-24.4,-51.4,-15.2,8.3
F16,CTTACGACCGGCGGAAGGCTGGAGGGGTTGGGGGAGGTGTCGTAAG,(((((((((..(....)(((.....)))...))......))))))),Acetyl Fentanyl,67,-20,-34.8,-10.3,22.9
F17,CTTACGACCGGTGGGGAGGCCGGAGTTGGGAACGGGGGGTCGTAAG,((((((((((((......)))....(((....)))..))))))))),Acetyl Fentanyl,98,-20.2,-36,-10.7,6.3
F18,CTTACGACCGGGATCCTTTGGGACAACCTGGTGGGCATGTCGTAAG,((((((((((((.(((....)))...))))))..(....))))))),Acetyl Fentanyl,29,-25.7,-52.3,-15.5,4.6
F27,CTTACGACGAGCGCGTGTGGCCGGCGTGAGGGAGGTGAGTCGTAAG,((((((((...(((.(.(..(......)..).).))).)))))))),Acetyl Fentanyl,21,-20.6,-34.6,-10.2,0
F19,CTTACGACGGGGTACCCGGACAGTGATGTTTGGTGTTCGTCGTAAG,(((((((((((....(((((((....)))))))..))))))))))),,,,,,
F20,CTTACGACGAAGCAACGGGGTTTCGGAGGGCAGGTGTCGTCGTAAG,(((((((((((((......)))))....(((....))))))))))),Furanyl Fentanyl,207,-23.6,-49.1,-14.5,
F21,CTTACGACCGGACATGTGATCGGGCAGCTGGGAGTCGGGTCGTAAG,(((((((((.(((......((((....))))..))).))))))))),Furanyl Fentanyl,193,-17.5,-28.4,-8.4,
F22,CTTACGACGTCGAGGGGTACCCTTTGGCGTTCGTCGAGGTCGTAAG,((((((((.((((.(((..((....))..))).)))).)))))))),Furanyl Fentanyl,240,-17.6,-29.1,-8.6,
F23,CTTACGACCAGGCTACGTGGGGGAGGGTGGGAAGACGGGTCGTAAG,(((((((((.(.((((.(......).)))).....).))))))))),Furanyl Fentanyl,51,-35.9,-87.9,-26,13.9
F24,CTTACGACACAGGGTGTGTTGTGCTCAGTGGTGTATGTGTCGTAAG,(((((((((((.......(((....))).......))))))))))),Furanyl Fentanyl,63,-25.9,-54.5,-16.1,17.1
F25,CTTACGACAGGGGTACCCGCGTATAACGTGGCGTTCGTGTCGTAAG,(((((((((.(((...((((((...))))))..))).))))))))),Furanyl Fentanyl,171,-20.5,-38.3,-11.3,6.7
F26,CTTACGACGGGGTGGGGGCGGCTTCCCATGGGAGGGGTGTCGTAAG,(((((((((..((....))..(((((....)))))..))))))))),Furanyl Fentanyl,59,-22.5,-42.7,-12.6,12.8
F27,CTTACGACGAGCGCGTGTGGCCGGCGTGAGGGAGGTGAGTCGTAAG,((((((((...(((.(.(..(......)..).).))).)))))))),Furanyl Fentanyl,4,-31.6,-68.4,-20.2,8.3
F28,CTTACGACGGGTGGGGAGGCCCTCTAGTTGGGAACGGTGTCGTAAG,(((((((((((.(((....))).))..(((....)))))))))))),Furanyl Fentanyl,62,-21.3,-38.9,-11.5,11.2
XA1,CTTACGACTGTGGTCGGGTGGTGGGCCTCTAGAGGGGTGTCGTAAG,((((((((..(..((.((.((....)).)).))..)..)))))))),XLR-11,127,-11.9,-8.8,-2.6,0
XA2,CTTACGACTGCGGGCATTTGTGGGGGGCGTCGGTGGGCGTCGTAAG,((((((..((....))..)))))).((((((....)))))).....,XLR-11,394,-5.3,11.5,3.4,0
THC1.2,CTTACGACCCAGGGGGGTGGACAGGCGGGGGTTAGGGGGGTCGTAAG,((((((((((....(......).(((....)))....)))))))))),THC,61,-112.7,-9.8,-2.9,0
SCA2.1,CTTACGACCTTAAGTGGGGTTCGGGTGGAGTTTATGGGGTCGTAAG,((((((((((...(((((.(((....))).))))).)))))))))),(-)-MDPV,47,-24.7,-50,-14.8,0
MMC1,CTTACGACCAGGGTTGGTTTCATCGGTGGTGTAATATGGTCGTAAG,((((((((((......((..(((.....)))..)).)))))))))),Mephedrone,15000,-14.4,-26.6,-7.9,0